{
    "NodeData": 
    [
        {
            "modelName": "jabberpeggy",
            "frame": "Bradford Jabberpeggy",
            "fork": {
                "0": 0.010808990032881011,
                "1": 0.005201822807360547,
                "2": 0.9999280507986311,
                "3": 0,
                "4": 0.9561399678008847,
                "5": 0.2926700285023288,
                "6": -0.011858178197744228,
                "7": 0,
                "8": -0.2927106552693163,
                "9": 0.9561993492237525,
                "10": -0.001810203270530976,
                "11": 0,
                "12": 962.951082707413,
                "13": 152.81618107051088,
                "14": -0.14437163790563545,
                "15": 1
            },
            "frontwheel": {
                "0": -0.9999521126121481,
                "1": 0.009783777701626296,
                "2": -0.00022400086774249182,
                "3": 0,
                "4": 0.00978510757129568,
                "5": 0.9999275601917164,
                "6": -0.007008996993894433,
                "7": 0,
                "8": 0.00015541017266307473,
                "9": -0.007010853223923426,
                "10": -0.9999754115900804,
                "11": 0,
                "12": 1107.9305711943055,
                "13": -152.88635045673692,
                "14": 90.50823311167159,
                "15": 1
            },
            "rearwheel": {
                "0": -0.9999521126121481,
                "1": 0.009783777701626296,
                "2": -0.0002240008677424918,
                "3": 0,
                "4": 0.00978510757129568,
                "5": 0.9999275601917164,
                "6": -0.007008996993894433,
                "7": 0,
                "8": 0.00015541017266307473,
                "9": -0.007010853223923426,
                "10": -0.9999754115900804,
                "11": 0,
                "12": 36.041567417928206,
                "13": -57.00944410724949,
                "14": 88.95358214840482,
                "15": 1
            },
            "seat": {
                "0": -0.9698667435716322,
                "1": -0.2436358954205452,
                "2": -0.00022400086774249182,
                "3": 0,
                "4": -0.24362839431411915,
                "5": 0.9698433272673811,
                "6": -0.007008996993894433,
                "7": 0,
                "8": 0.0019248890054895528,
                "9": -0.00674322011843823,
                "10": -0.9999754115900804,
                "11": 0,
                "12": 314.94270788001745,
                "13": 350.31336474014665,
                "14": -4.366223609918464,
                "15": 1
            },
            "crankset": {
                "0": 0.7752379341773983,
                "1": -0.6306728737486809,
                "2": -0.035466487420407505,
                "3": 0,
                "4": 0.6297083535369561,
                "5": 0.7760328807588132,
                "6": -0.03521870904724439,
                "7": 0,
                "8": 0.04973464484779944,
                "9": 0.004969335846936998,
                "10": 0.9987501042818987,
                "11": 0,
                "12": 432.087693958734,
                "13": -55.602476228286946,
                "14": 0.47860793496830967,
                "15": 1
            },
            "handlebar": {
                "0": -0.03975900531263456,
                "1": 0.014057628148595513,
                "2": -0.999110406605489,
                "3": 0,
                "4": -0.3265244671688335,
                "5": 0.944823122090282,
                "6": 0.026287645457167,
                "7": 0,
                "8": 0.9443521556266286,
                "9": 0.32727916379508226,
                "10": -0.03297506798980973,
                "11": 0,
                "12": 798.485081075348,
                "13": 485.69051429101484,
                "14": 62.489408860430856,
                "15": 1
            }
        }, 
        {
            "modelName": "overbiter",
            "frame": "Tadcycles Overbiter",
            "fork": {
                "0": 0.009839831864854702,
                "1": 0.006860826110716365,
                "2": 0.9999280507986311,
                "3": 0,
                "4": 0.8971483779040413,
                "5": 0.44157012085735386,
                "6": -0.011858178197744228,
                "7": 0,
                "8": -0.44161970713841453,
                "9": 0.8972005112744316,
                "10": -0.00181020327053097,
                "11": 0,
                "12": 1477.3674617384168,
                "13": 656.2824496738689,
                "14": -0.14437163790563545,
                "15": 1
            },
            "frontwheel": {
                "0": -0.9999521126121481,
                "1": 0.009783777701626296,
                "2": -0.00022400086774249182,
                "3": 0,
                "4": 0.00978510757129568,
                "5": 0.9999275601917164,
                "6": -0.007008996993894433,
                "7": 0,
                "8": 0.00015541017266307473,
                "9": -0.007010853223923426,
                "10": -0.9999754115900804,
                "11": 0,
                "12": 1658.2803708679348,
                "13": 370.88247592873665,
                "14": 90.50823311167159,
                "15": 1
            },
            "rearwheel": {
                "0": -0.9999521126121481,
                "1": 0.009783777701626296,
                "2": -0.0002240008677424918,
                "3": 0,
                "4": 0.00978510757129568,
                "5": 0.9999275601917164,
                "6": -0.007008996993894433,
                "7": 0,
                "8": 0.00015541017266307473,
                "9": -0.007010853223923426,
                "10": -0.9999754115900804,
                "11": 0,
                "12": 422.72464465822884,
                "13": 335.1799272048829,
                "14": 88.95358214840482,
                "15": 1
            },
            "seat": {
                "0": -0.9999521126121481,
                "1": 0.009783777701626296,
                "2": -0.00022400086774249182,
                "3": 0,
                "4": 0.00978510757129568,
                "5": 0.9999275601917164,
                "6": -0.007008996993894433,
                "7": 0,
                "8": 0.00015541017266307473,
                "9": -0.007010853223923426,
                "10": -0.9999754115900804,
                "11": 0,
                "12": 738.7598614506013,
                "13": 915.734322228843,
                "14": -4.366223609918464,
                "15": 1
            },
            "crankset": {
                "0": 0.7752379341773983,
                "1": -0.6286719715470354,
                "2": -0.06146297750292518,
                "3": 0,
                "4": 0.6297083535369561,
                "5": 0.7768251947813144,
                "6": -0.003163263939310447,
                "7": 0,
                "8": 0.04973464484779944,
                "9": -0.03625146816527666,
                "10": 0.9981043513369356,
                "11": 0,
                "12": 844.674228880463,
                "13": 355.01751754296686,
                "14": 5.6935853037612585,
                "15": 1
            },
            "handlebar": {
                "0": -0.04123682584350711,
                "1": 0.008827208333700503,
                "2": -0.999110406605489,
                "3": 0,
                "4": -0.4453323039288082,
                "5": 0.8949793845523919,
                "6": 0.026287645457167,
                "7": 0,
                "8": 0.8944152633267238,
                "9": 0.4460201583104241,
                "10": -0.03297506798980973,
                "11": 0,
                "12": 1253.9498641444463,
                "13": 968.0325095529568,
                "14": 62.489408860430856,
                "15": 1
            }
        }
    ]
}